"Source:","/home/myles/src/public/reform/reform2-keyboard-pcb/reform2-keyboard.kicad_sch"
"Date:","Sun 20 Mar 2022 08:52:43 PM PDT"
"Tool:","Eeschema 6.0.2-378541a8eb~116~ubuntu21.10.1"
"Generator:","/usr/share/kicad/plugins/bom_csv_grouped_by_value.py"
"Component Count:","190"

"Individual Components:"

"Item","Qty","Reference(s)","Value","LibPart","Footprint","Datasheet","Flags","Manufacturer","Manufacturer_No"
"","","C1","18pF","reform2-keyboard-rescue:C_Small-Device","Capacitor_SMD:C_0603_1608Metric","","","Yageo","CC0603JRNPO9BN180"
"","","C2","18pF","reform2-keyboard-rescue:C_Small-Device","Capacitor_SMD:C_0603_1608Metric","","","Yageo","CC0603JRNPO9BN180"
"","","C3","1uF","reform2-keyboard-rescue:C_Small-Device","Capacitor_SMD:C_0603_1608Metric","","","TDK","C1608X8L1C105K080AC"
"","","C7","0.1uF","reform2-keyboard-rescue:C_Small-Device","Capacitor_SMD:C_0603_1608Metric","","","Yageo","CC0603JPX7R9BB104"
"","","C8","1uF","reform2-keyboard-rescue:C_Small-Device","Capacitor_SMD:C_0603_1608Metric","","","TDK","C1608X8L1C105K080AC"
"","","C9","0.1uF","reform2-keyboard-rescue:C_Small-Device","Capacitor_SMD:C_0603_1608Metric","","","Yageo","CC0603JPX7R9BB104"
"","","C11","1uF","reform2-keyboard-rescue:C_Small-Device","Capacitor_SMD:C_0603_1608Metric","","DNP","TDK","C1608X8L1C105K080AC"
"","","C12","1uF","reform2-keyboard-rescue:C_Small-Device","Capacitor_SMD:C_0603_1608Metric","","DNP","TDK","C1608X8L1C105K080AC"
"","","C100","1uF","reform2-keyboard-rescue:C_Small-Device","Capacitor_SMD:C_0603_1608Metric","","","Taiyo Yuden","JMK107BB7475KA-T"
"","","C101","1uF","reform2-keyboard-rescue:C_Small-Device","Capacitor_SMD:C_0603_1608Metric","","","Taiyo Yuden","JMK107BB7475KA-T"
"","","C102","1uF","reform2-keyboard-rescue:C_Small-Device","Capacitor_SMD:C_0603_1608Metric","","","Taiyo Yuden","JMK107BB7475KA-T"
"","","C103","1uF","reform2-keyboard-rescue:C_Small-Device","Capacitor_SMD:C_0603_1608Metric","","","Taiyo Yuden","JMK107BB7475KA-T"
"","","C104","1uF","reform2-keyboard-rescue:C_Small-Device","Capacitor_SMD:C_0603_1608Metric","","","Taiyo Yuden","JMK107BB7475KA-T"
"","","C105","1uF","reform2-keyboard-rescue:C_Small-Device","Capacitor_SMD:C_0603_1608Metric","","","Taiyo Yuden","JMK107BB7475KA-T"
"","","C106","1uF","reform2-keyboard-rescue:C_Small-Device","Capacitor_SMD:C_0603_1608Metric","","","Taiyo Yuden","JMK107BB7475KA-T"
"","","C110","1uF","reform2-keyboard-rescue:C_Small-Device","Capacitor_SMD:C_0603_1608Metric","","","Taiyo Yuden","JMK107BB7475KA-T"
"","","C111","1uF","reform2-keyboard-rescue:C_Small-Device","Capacitor_SMD:C_0603_1608Metric","","","Taiyo Yuden","JMK107BB7475KA-T"
"","","C112","1uF","reform2-keyboard-rescue:C_Small-Device","Capacitor_SMD:C_0603_1608Metric","","","Taiyo Yuden","JMK107BB7475KA-T"
"","","C113","1uF","reform2-keyboard-rescue:C_Small-Device","Capacitor_SMD:C_0603_1608Metric","","","Taiyo Yuden","JMK107BB7475KA-T"
"","","C114","1uF","reform2-keyboard-rescue:C_Small-Device","Capacitor_SMD:C_0603_1608Metric","","","Taiyo Yuden","JMK107BB7475KA-T"
"","","C115","1uF","reform2-keyboard-rescue:C_Small-Device","Capacitor_SMD:C_0603_1608Metric","","","Taiyo Yuden","JMK107BB7475KA-T"
"","","C116","1uF","reform2-keyboard-rescue:C_Small-Device","Capacitor_SMD:C_0603_1608Metric","","","Taiyo Yuden","JMK107BB7475KA-T"
"","","D1","MMDL914T1G","reform2-keyboard-rescue:D_Small-Device","Diode_SMD:D_0603_1608Metric_Pad1.05x0.95mm_HandSolder","","","ON","MMDL914T1G"
"","","D2","MMDL914T1G","reform2-keyboard-rescue:D_Small-Device","Diode_SMD:D_0603_1608Metric_Pad1.05x0.95mm_HandSolder","","","ON","MMDL914T1G"
"","","D3","MMDL914T1G","reform2-keyboard-rescue:D_Small-Device","Diode_SMD:D_0603_1608Metric_Pad1.05x0.95mm_HandSolder","","","ON","MMDL914T1G"
"","","D4","MMDL914T1G","reform2-keyboard-rescue:D_Small-Device","Diode_SMD:D_0603_1608Metric_Pad1.05x0.95mm_HandSolder","","","ON","MMDL914T1G"
"","","D5","MMDL914T1G","reform2-keyboard-rescue:D_Small-Device","Diode_SMD:D_0603_1608Metric_Pad1.05x0.95mm_HandSolder","","","ON","MMDL914T1G"
"","","D7","MMDL914T1G","reform2-keyboard-rescue:D_Small-Device","Diode_SMD:D_0603_1608Metric_Pad1.05x0.95mm_HandSolder","","","ON","MMDL914T1G"
"","","D8","MMDL914T1G","reform2-keyboard-rescue:D_Small-Device","Diode_SMD:D_0603_1608Metric_Pad1.05x0.95mm_HandSolder","","","ON","MMDL914T1G"
"","","D9","MMDL914T1G","reform2-keyboard-rescue:D_Small-Device","Diode_SMD:D_0603_1608Metric_Pad1.05x0.95mm_HandSolder","","","ON","MMDL914T1G"
"","","D10","MMDL914T1G","reform2-keyboard-rescue:D_Small-Device","Diode_SMD:D_0603_1608Metric_Pad1.05x0.95mm_HandSolder","","","ON","MMDL914T1G"
"","","D11","MMDL914T1G","reform2-keyboard-rescue:D_Small-Device","Diode_SMD:D_0603_1608Metric_Pad1.05x0.95mm_HandSolder","","","ON","MMDL914T1G"
"","","D13","MMDL914T1G","reform2-keyboard-rescue:D_Small-Device","Diode_SMD:D_0603_1608Metric_Pad1.05x0.95mm_HandSolder","","","ON","MMDL914T1G"
"","","D14","MMDL914T1G","reform2-keyboard-rescue:D_Small-Device","Diode_SMD:D_0603_1608Metric_Pad1.05x0.95mm_HandSolder","","","ON","MMDL914T1G"
"","","D15","MMDL914T1G","reform2-keyboard-rescue:D_Small-Device","Diode_SMD:D_0603_1608Metric_Pad1.05x0.95mm_HandSolder","","","ON","MMDL914T1G"
"","","D16","MMDL914T1G","reform2-keyboard-rescue:D_Small-Device","Diode_SMD:D_0603_1608Metric_Pad1.05x0.95mm_HandSolder","","","ON","MMDL914T1G"
"","","D17","MMDL914T1G","reform2-keyboard-rescue:D_Small-Device","Diode_SMD:D_0603_1608Metric_Pad1.05x0.95mm_HandSolder","","","ON","MMDL914T1G"
"","","D19","MMDL914T1G","reform2-keyboard-rescue:D_Small-Device","Diode_SMD:D_0603_1608Metric_Pad1.05x0.95mm_HandSolder","","","ON","MMDL914T1G"
"","","D20","MMDL914T1G","reform2-keyboard-rescue:D_Small-Device","Diode_SMD:D_0603_1608Metric_Pad1.05x0.95mm_HandSolder","","","ON","MMDL914T1G"
"","","D21","MMDL914T1G","reform2-keyboard-rescue:D_Small-Device","Diode_SMD:D_0603_1608Metric_Pad1.05x0.95mm_HandSolder","","","ON","MMDL914T1G"
"","","D22","MMDL914T1G","reform2-keyboard-rescue:D_Small-Device","Diode_SMD:D_0603_1608Metric_Pad1.05x0.95mm_HandSolder","","","ON","MMDL914T1G"
"","","D23","MMDL914T1G","reform2-keyboard-rescue:D_Small-Device","Diode_SMD:D_0603_1608Metric_Pad1.05x0.95mm_HandSolder","","","ON","MMDL914T1G"
"","","D25","MMDL914T1G","reform2-keyboard-rescue:D_Small-Device","Diode_SMD:D_0603_1608Metric_Pad1.05x0.95mm_HandSolder","","","ON","MMDL914T1G"
"","","D26","MMDL914T1G","reform2-keyboard-rescue:D_Small-Device","Diode_SMD:D_0603_1608Metric_Pad1.05x0.95mm_HandSolder","","","ON","MMDL914T1G"
"","","D27","MMDL914T1G","reform2-keyboard-rescue:D_Small-Device","Diode_SMD:D_0603_1608Metric_Pad1.05x0.95mm_HandSolder","","","ON","MMDL914T1G"
"","","D28","MMDL914T1G","reform2-keyboard-rescue:D_Small-Device","Diode_SMD:D_0603_1608Metric_Pad1.05x0.95mm_HandSolder","","","ON","MMDL914T1G"
"","","D29","MMDL914T1G","reform2-keyboard-rescue:D_Small-Device","Diode_SMD:D_0603_1608Metric_Pad1.05x0.95mm_HandSolder","","","ON","MMDL914T1G"
"","","D31","MMDL914T1G","reform2-keyboard-rescue:D_Small-Device","Diode_SMD:D_0603_1608Metric_Pad1.05x0.95mm_HandSolder","","","ON","MMDL914T1G"
"","","D32","MMDL914T1G","reform2-keyboard-rescue:D_Small-Device","Diode_SMD:D_0603_1608Metric_Pad1.05x0.95mm_HandSolder","","","ON","MMDL914T1G"
"","","D33","MMDL914T1G","reform2-keyboard-rescue:D_Small-Device","Diode_SMD:D_0603_1608Metric_Pad1.05x0.95mm_HandSolder","","","ON","MMDL914T1G"
"","","D34","MMDL914T1G","reform2-keyboard-rescue:D_Small-Device","Diode_SMD:D_0603_1608Metric_Pad1.05x0.95mm_HandSolder","","","ON","MMDL914T1G"
"","","D35","MMDL914T1G","reform2-keyboard-rescue:D_Small-Device","Diode_SMD:D_0603_1608Metric_Pad1.05x0.95mm_HandSolder","","","ON","MMDL914T1G"
"","","D37","MMDL914T1G","reform2-keyboard-rescue:D_Small-Device","Diode_SMD:D_0603_1608Metric_Pad1.05x0.95mm_HandSolder","","","ON","MMDL914T1G"
"","","D38","MMDL914T1G","reform2-keyboard-rescue:D_Small-Device","Diode_SMD:D_0603_1608Metric_Pad1.05x0.95mm_HandSolder","","","ON","MMDL914T1G"
"","","D39","MMDL914T1G","reform2-keyboard-rescue:D_Small-Device","Diode_SMD:D_0603_1608Metric_Pad1.05x0.95mm_HandSolder","","","ON","MMDL914T1G"
"","","D40","MMDL914T1G","reform2-keyboard-rescue:D_Small-Device","Diode_SMD:D_0603_1608Metric_Pad1.05x0.95mm_HandSolder","","","ON","MMDL914T1G"
"","","D41","MMDL914T1G","reform2-keyboard-rescue:D_Small-Device","Diode_SMD:D_0603_1608Metric_Pad1.05x0.95mm_HandSolder","","","ON","MMDL914T1G"
"","","D43","MMDL914T1G","reform2-keyboard-rescue:D_Small-Device","Diode_SMD:D_0603_1608Metric_Pad1.05x0.95mm_HandSolder","","","ON","MMDL914T1G"
"","","D44","MMDL914T1G","reform2-keyboard-rescue:D_Small-Device","Diode_SMD:D_0603_1608Metric_Pad1.05x0.95mm_HandSolder","","","ON","MMDL914T1G"
"","","D45","MMDL914T1G","reform2-keyboard-rescue:D_Small-Device","Diode_SMD:D_0603_1608Metric_Pad1.05x0.95mm_HandSolder","","","ON","MMDL914T1G"
"","","D46","MMDL914T1G","reform2-keyboard-rescue:D_Small-Device","Diode_SMD:D_0603_1608Metric_Pad1.05x0.95mm_HandSolder","","","ON","MMDL914T1G"
"","","D47","MMDL914T1G","reform2-keyboard-rescue:D_Small-Device","Diode_SMD:D_0603_1608Metric_Pad1.05x0.95mm_HandSolder","","","ON","MMDL914T1G"
"","","D49","MMDL914T1G","reform2-keyboard-rescue:D_Small-Device","Diode_SMD:D_0603_1608Metric_Pad1.05x0.95mm_HandSolder","","","ON","MMDL914T1G"
"","","D50","MMDL914T1G","reform2-keyboard-rescue:D_Small-Device","Diode_SMD:D_0603_1608Metric_Pad1.05x0.95mm_HandSolder","","","ON","MMDL914T1G"
"","","D51","MMDL914T1G","reform2-keyboard-rescue:D_Small-Device","Diode_SMD:D_0603_1608Metric_Pad1.05x0.95mm_HandSolder","","","ON","MMDL914T1G"
"","","D52","MMDL914T1G","reform2-keyboard-rescue:D_Small-Device","Diode_SMD:D_0603_1608Metric_Pad1.05x0.95mm_HandSolder","","","ON","MMDL914T1G"
"","","D53","MMDL914T1G","reform2-keyboard-rescue:D_Small-Device","Diode_SMD:D_0603_1608Metric_Pad1.05x0.95mm_HandSolder","","","ON","MMDL914T1G"
"","","D55","MMDL914T1G","reform2-keyboard-rescue:D_Small-Device","Diode_SMD:D_0603_1608Metric_Pad1.05x0.95mm_HandSolder","","","ON","MMDL914T1G"
"","","D56","MMDL914T1G","reform2-keyboard-rescue:D_Small-Device","Diode_SMD:D_0603_1608Metric_Pad1.05x0.95mm_HandSolder","","","ON","MMDL914T1G"
"","","D57","MMDL914T1G","reform2-keyboard-rescue:D_Small-Device","Diode_SMD:D_0603_1608Metric_Pad1.05x0.95mm_HandSolder","","","ON","MMDL914T1G"
"","","D58","MMDL914T1G","reform2-keyboard-rescue:D_Small-Device","Diode_SMD:D_0603_1608Metric_Pad1.05x0.95mm_HandSolder","","","ON","MMDL914T1G"
"","","D59","MMDL914T1G","reform2-keyboard-rescue:D_Small-Device","Diode_SMD:D_0603_1608Metric_Pad1.05x0.95mm_HandSolder","","","ON","MMDL914T1G"
"","","D61","MMDL914T1G","reform2-keyboard-rescue:D_Small-Device","Diode_SMD:D_0603_1608Metric_Pad1.05x0.95mm_HandSolder","","","ON","MMDL914T1G"
"","","D62","MMDL914T1G","reform2-keyboard-rescue:D_Small-Device","Diode_SMD:D_0603_1608Metric_Pad1.05x0.95mm_HandSolder","","","ON","MMDL914T1G"
"","","D63","MMDL914T1G","reform2-keyboard-rescue:D_Small-Device","Diode_SMD:D_0603_1608Metric_Pad1.05x0.95mm_HandSolder","","","ON","MMDL914T1G"
"","","D64","MMDL914T1G","reform2-keyboard-rescue:D_Small-Device","Diode_SMD:D_0603_1608Metric_Pad1.05x0.95mm_HandSolder","","","ON","MMDL914T1G"
"","","D65","MMDL914T1G","reform2-keyboard-rescue:D_Small-Device","Diode_SMD:D_0603_1608Metric_Pad1.05x0.95mm_HandSolder","","","ON","MMDL914T1G"
"","","D67","MMDL914T1G","reform2-keyboard-rescue:D_Small-Device","Diode_SMD:D_0603_1608Metric_Pad1.05x0.95mm_HandSolder","","","ON","MMDL914T1G"
"","","D68","MMDL914T1G","reform2-keyboard-rescue:D_Small-Device","Diode_SMD:D_0603_1608Metric_Pad1.05x0.95mm_HandSolder","","","ON","MMDL914T1G"
"","","D69","MMDL914T1G","reform2-keyboard-rescue:D_Small-Device","Diode_SMD:D_0603_1608Metric_Pad1.05x0.95mm_HandSolder","","","ON","MMDL914T1G"
"","","D70","MMDL914T1G","reform2-keyboard-rescue:D_Small-Device","Diode_SMD:D_0603_1608Metric_Pad1.05x0.95mm_HandSolder","","","ON","MMDL914T1G"
"","","D71","MMDL914T1G","reform2-keyboard-rescue:D_Small-Device","Diode_SMD:D_0603_1608Metric_Pad1.05x0.95mm_HandSolder","","","ON","MMDL914T1G"
"","","D72","MMDL914T1G","reform2-keyboard-rescue:D_Small-Device","Diode_SMD:D_0603_1608Metric_Pad1.05x0.95mm_HandSolder","","","ON","MMDL914T1G"
"","","D73","MMDL914T1G","reform2-keyboard-rescue:D_Small-Device","Diode_SMD:D_0603_1608Metric_Pad1.05x0.95mm_HandSolder","","","ON","MMDL914T1G"
"","","D100","WS2812B","LED:WS2812B","keebio:SK6812-MINI-E","https://cdn-shop.adafruit.com/datasheets/WS2812B.pdf","","",""
"","","D101","WS2812B","LED:WS2812B","keebio:SK6812-MINI-E","https://cdn-shop.adafruit.com/datasheets/WS2812B.pdf","","",""
"","","D102","WS2812B","LED:WS2812B","keebio:SK6812-MINI-E","https://cdn-shop.adafruit.com/datasheets/WS2812B.pdf","","",""
"","","D103","WS2812B","LED:WS2812B","keebio:SK6812-MINI-E","https://cdn-shop.adafruit.com/datasheets/WS2812B.pdf","","",""
"","","D104","WS2812B","LED:WS2812B","keebio:SK6812-MINI-E","https://cdn-shop.adafruit.com/datasheets/WS2812B.pdf","","",""
"","","D105","WS2812B","LED:WS2812B","keebio:SK6812-MINI-E","https://cdn-shop.adafruit.com/datasheets/WS2812B.pdf","","",""
"","","D106","WS2812B","LED:WS2812B","keebio:SK6812-MINI-E","https://cdn-shop.adafruit.com/datasheets/WS2812B.pdf","","",""
"","","D110","WS2812B","LED:WS2812B","keebio:SK6812-MINI-E","https://cdn-shop.adafruit.com/datasheets/WS2812B.pdf","","",""
"","","D111","WS2812B","LED:WS2812B","keebio:SK6812-MINI-E","https://cdn-shop.adafruit.com/datasheets/WS2812B.pdf","","",""
"","","D112","WS2812B","LED:WS2812B","keebio:SK6812-MINI-E","https://cdn-shop.adafruit.com/datasheets/WS2812B.pdf","","",""
"","","D113","WS2812B","LED:WS2812B","keebio:SK6812-MINI-E","https://cdn-shop.adafruit.com/datasheets/WS2812B.pdf","","",""
"","","D114","WS2812B","LED:WS2812B","keebio:SK6812-MINI-E","https://cdn-shop.adafruit.com/datasheets/WS2812B.pdf","","",""
"","","D115","WS2812B","LED:WS2812B","keebio:SK6812-MINI-E","https://cdn-shop.adafruit.com/datasheets/WS2812B.pdf","","",""
"","","D116","WS2812B","LED:WS2812B","keebio:SK6812-MINI-E","https://cdn-shop.adafruit.com/datasheets/WS2812B.pdf","","",""
"","","GFX1","MNT","reform2-keyboard-rescue:MountingHole-Mechanical","reform2-keyboard:mnt-remix-reform","","","",""
"","","GFX2","MNT","reform2-keyboard-rescue:MountingHole-Mechanical","reform2-keyboard:mnt-remix-reform","","","",""
"","","H1","MH1","reform2-keyboard-rescue:MountingHole_Pad-Mechanical","MountingHole:MountingHole_2.2mm_M2_Pad","","","",""
"","","H2","MH2","reform2-keyboard-rescue:MountingHole_Pad-Mechanical","MountingHole:MountingHole_2.2mm_M2_Pad","","","",""
"","","H3","MH3","reform2-keyboard-rescue:MountingHole_Pad-Mechanical","MountingHole:MountingHole_2.2mm_M2_Pad","","","",""
"","","H4","MH4","reform2-keyboard-rescue:MountingHole_Pad-Mechanical","MountingHole:MountingHole_2.2mm_M2_Pad","","","",""
"","","H5","MH5","reform2-keyboard-rescue:MountingHole_Pad-Mechanical","MountingHole:MountingHole_2.2mm_M2_Pad","","","",""
"","","H6","MH6","reform2-keyboard-rescue:MountingHole_Pad-Mechanical","MountingHole:MountingHole_2.2mm_M2_Pad","","","",""
"","","J1","USB","Connector_Generic:Conn_01x04","Connector_JST:JST_PH_S4B-PH-SM4-TB_1x04-1MP_P2.00mm_Horizontal","~","","JST","S4B-PH-SM4-TB(LF)(SN)"
"","","J2","UART","Connector_Generic:Conn_01x04","Connector_JST:JST_PH_S4B-PH-SM4-TB_1x04-1MP_P2.00mm_Horizontal","~","","JST","S4B-PH-SM4-TB(LF)(SN)"
"","","J3","AUX","Connector_Generic:Conn_01x04","Connector_FFC-FPC:Molex_200528-0040_1x04-1MP_P1.00mm_Horizontal","~","","Molex","200528-0040"
"","","J4","Desktop USB","Connector_Generic:Conn_01x04","Connector_PinHeader_2.54mm:PinHeader_1x04_P2.54mm_Horizontal","~","","","IDC 2.54 header 1x04"
"","","J5","Conn_01x03","Connector_Generic:Conn_01x03","Connector_PinHeader_2.54mm:PinHeader_1x03_P2.54mm_Vertical","~","","",""
"","","J6","AUX","Connector_Generic:Conn_01x04","Connector_PinHeader_2.54mm:PinHeader_1x04_P2.54mm_Vertical","~","","Molex","200528-0040"
"","","J8","Conn_01x06","Connector_Generic:Conn_01x06","Connector_PinHeader_2.54mm:PinHeader_1x06_P2.54mm_Vertical","~","","",""
"","","J9","Conn_01x06","Connector_Generic:Conn_01x06","Connector_PinHeader_2.54mm:PinHeader_1x06_P2.54mm_Vertical","~","","",""
"","","J10","Conn_01x06","Connector_Generic:Conn_01x06","Connector_PinHeader_2.54mm:PinHeader_1x06_P2.54mm_Vertical","~","","",""
"","","J100","Conn_01x03","Connector_Generic:Conn_01x03","Connector_PinHeader_2.54mm:PinHeader_1x03_P2.54mm_Vertical","~","","",""
"","","R1","22","reform2-keyboard-rescue:R_Small-Device","Resistor_SMD:R_0603_1608Metric","","","Vishay Dale","CRCW06030000Z0EAC"
"","","R2","22","reform2-keyboard-rescue:R_Small-Device","Resistor_SMD:R_0603_1608Metric","","","Vishay Dale","CRCW06030000Z0EAC"
"","","R3","10k","reform2-keyboard-rescue:R_Small-Device","Resistor_SMD:R_0603_1608Metric","","","Yageo","RC0603FR-0710KL"
"","","R4","0","reform2-keyboard-rescue:R_Small-Device","Resistor_SMD:R_0603_1608Metric","","","Vishay Dale","CRCW06030000Z0EAC"
"","","R5","4.7k","reform2-keyboard-rescue:R_Small-Device","Resistor_SMD:R_0603_1608Metric","","","Yageo","RC0603FR-074K7L"
"","","R6","4.7k","reform2-keyboard-rescue:R_Small-Device","Resistor_SMD:R_0603_1608Metric","","","Yageo","RC0603FR-074K7L"
"","","R100","4.7k","reform2-keyboard-rescue:R_Small-Device","Resistor_SMD:R_0603_1608Metric","","","Vishay Dale","CRCW06030000Z0EAC"
"","","SW1","Choc","mntcomp-keyboard:Choc","keyswitches:PG1350","","","Kailh","CPG135001D02"
"","","SW2","Choc","mntcomp-keyboard:Choc","keyswitches:PG1350_optional-socket","","","Kailh","CPG135001D02"
"","","SW3","Choc","mntcomp-keyboard:Choc","keyswitches:PG1350_optional-socket","","","Kailh","CPG135001D02"
"","","SW4","Choc","mntcomp-keyboard:Choc","keyswitches:PG1350_optional-socket","","","Kailh","CPG135001D02"
"","","SW5","Choc","mntcomp-keyboard:Choc","keyswitches:PG1350_optional-socket","","","Kailh","CPG135001D02"
"","","SW7","Choc","mntcomp-keyboard:Choc","keyswitches:PG1350","","","Kailh","CPG135001D02"
"","","SW8","Choc","mntcomp-keyboard:Choc","keyswitches:PG1350_optional-socket","","","Kailh","CPG135001D02"
"","","SW9","Choc","mntcomp-keyboard:Choc","keyswitches:PG1350_optional-socket","","","Kailh","CPG135001D02"
"","","SW10","Choc","mntcomp-keyboard:Choc","keyswitches:PG1350_optional-socket","","","Kailh","CPG135001D02"
"","","SW11","Choc","mntcomp-keyboard:Choc","keyswitches:PG1350_optional-socket","","","Kailh","CPG135001D02"
"","","SW13","Choc","mntcomp-keyboard:Choc","keyswitches:PG1350","","","Kailh","CPG135001D02"
"","","SW14","Choc","mntcomp-keyboard:Choc","keyswitches:PG1350_optional-socket","","","Kailh","CPG135001D02"
"","","SW15","Choc","mntcomp-keyboard:Choc","keyswitches:PG1350_optional-socket","","","Kailh","CPG135001D02"
"","","SW16","Choc","mntcomp-keyboard:Choc","keyswitches:PG1350_optional-socket","","","Kailh","CPG135001D02"
"","","SW17","Choc","mntcomp-keyboard:Choc","keyswitches:PG1350_optional-socket","","","Kailh","CPG135001D02"
"","","SW19","Choc","mntcomp-keyboard:Choc","keyswitches:PG1350_optional-socket","","","Kailh","CPG135001D02"
"","","SW20","Choc","mntcomp-keyboard:Choc","keyswitches:PG1350_optional-socket","","","Kailh","CPG135001D02"
"","","SW21","Choc","mntcomp-keyboard:Choc","keyswitches:PG1350_optional-socket","","","Kailh","CPG135001D02"
"","","SW22","Choc","mntcomp-keyboard:Choc","keyswitches:PG1350_optional-socket","","","Kailh","CPG135001D02"
"","","SW23","Choc","mntcomp-keyboard:Choc","keyswitches:PG1350_optional-socket","","","Kailh","CPG135001D02"
"","","SW25","Choc","mntcomp-keyboard:Choc","keyswitches:PG1350_optional-socket","","","Kailh","CPG135001D02"
"","","SW26","Choc","mntcomp-keyboard:Choc","keyswitches:PG1350_optional-socket","","","Kailh","CPG135001D02"
"","","SW27","Choc","mntcomp-keyboard:Choc","keyswitches:PG1350","","","Kailh","CPG135001D02"
"","","SW28","Choc","mntcomp-keyboard:Choc","keyswitches:PG1350_optional-socket","","","Kailh","CPG135001D02"
"","","SW29","Choc","mntcomp-keyboard:Choc","keyswitches:PG1350","","","Kailh","CPG135001D02"
"","","SW31","Choc","mntcomp-keyboard:Choc","keyswitches:PG1350_optional-socket","","","Kailh","CPG135001D02"
"","","SW32","Choc","mntcomp-keyboard:Choc","keyswitches:PG1350_optional-socket","","","Kailh","CPG135001D02"
"","","SW33","Choc","mntcomp-keyboard:Choc","keyswitches:PG1350_optional-socket","","","Kailh","CPG135001D02"
"","","SW34","Choc","mntcomp-keyboard:Choc","keyswitches:PG1350_optional-socket","","","Kailh","CPG135001D02"
"","","SW35","Choc","mntcomp-keyboard:Choc","keyswitches:PG1350","","","Kailh","CPG135001D02"
"","","SW37","Choc","mntcomp-keyboard:Choc","keyswitches:PG1350_optional-socket","","","Kailh","CPG135001D02"
"","","SW38","Choc","mntcomp-keyboard:Choc","keyswitches:PG1350_optional-socket","","","Kailh","CPG135001D02"
"","","SW39","Choc","mntcomp-keyboard:Choc","keyswitches:PG1350_optional-socket","","","Kailh","CPG135001D02"
"","","SW40","Choc","mntcomp-keyboard:Choc","keyswitches:PG1350_optional-socket","","","Kailh","CPG135001D02"
"","","SW41","Choc","mntcomp-keyboard:Choc","keyswitches:PG1350","","","Kailh","CPG135001D02"
"","","SW43","Choc","mntcomp-keyboard:Choc","keyswitches:PG1350_optional-socket","","","Kailh","CPG135001D02"
"","","SW44","Choc","mntcomp-keyboard:Choc","keyswitches:PG1350_optional-socket","","","Kailh","CPG135001D02"
"","","SW45","Choc","mntcomp-keyboard:Choc","keyswitches:PG1350","","","Kailh","CPG135001D02"
"","","SW46","Choc","mntcomp-keyboard:Choc","keyswitches:PG1350_optional-socket","","","Kailh","CPG135001D02"
"","","SW47","Choc","mntcomp-keyboard:Choc","keyswitches:PG1350","","","Kailh","CPG135001D02"
"","","SW49","Choc","mntcomp-keyboard:Choc","keyswitches:PG1350_optional-socket","","","Kailh","CPG135001D02"
"","","SW50","Choc","mntcomp-keyboard:Choc","keyswitches:PG1350_optional-socket","","","Kailh","CPG135001D02"
"","","SW51","Choc","mntcomp-keyboard:Choc","keyswitches:PG1350_optional-socket","","","Kailh","CPG135001D02"
"","","SW52","Choc","mntcomp-keyboard:Choc","keyswitches:PG1350_optional-socket","","","Kailh","CPG135001D02"
"","","SW53","Choc","mntcomp-keyboard:Choc","keyswitches:PG1350_optional-socket","","","Kailh","CPG135001D02"
"","","SW55","Choc","mntcomp-keyboard:Choc","keyswitches:PG1350","","","Kailh","CPG135001D02"
"","","SW56","Choc","mntcomp-keyboard:Choc","keyswitches:PG1350_optional-socket","","","Kailh","CPG135001D02"
"","","SW57","Choc","mntcomp-keyboard:Choc","keyswitches:PG1350_optional-socket","","","Kailh","CPG135001D02"
"","","SW58","Choc","mntcomp-keyboard:Choc","keyswitches:PG1350_optional-socket","","","Kailh","CPG135001D02"
"","","SW59","Choc","mntcomp-keyboard:Choc","keyswitches:PG1350_optional-socket","","","Kailh","CPG135001D02"
"","","SW61","Choc","mntcomp-keyboard:Choc","keyswitches:PG1350","","","Kailh","CPG135001D02"
"","","SW62","Choc","mntcomp-keyboard:Choc","keyswitches:PG1350_optional-socket","","","Kailh","CPG135001D02"
"","","SW63","Choc","mntcomp-keyboard:Choc","keyswitches:PG1350_optional-socket","","","Kailh","CPG135001D02"
"","","SW64","Choc","mntcomp-keyboard:Choc","keyswitches:PG1350_optional-socket","","","Kailh","CPG135001D02"
"","","SW65","Choc","mntcomp-keyboard:Choc","keyswitches:PG1350_optional-socket","","","Kailh","CPG135001D02"
"","","SW67","Choc","mntcomp-keyboard:Choc","keyswitches:PG1350","","","Kailh","CPG135001D02"
"","","SW68","Choc","mntcomp-keyboard:Choc","keyswitches:PG1350_optional-socket","","","Kailh","CPG135001D02"
"","","SW69","Choc","mntcomp-keyboard:Choc","keyswitches:PG1350_optional-socket","","","Kailh","CPG135001D02"
"","","SW70","Choc","mntcomp-keyboard:Choc","keyswitches:PG1350_optional-socket","","","Kailh","CPG135001D02"
"","","SW71","Choc","mntcomp-keyboard:Choc","keyswitches:PG1350_optional-socket","","","Kailh","CPG135001D02"
"","","SW72","Choc","mntcomp-keyboard:Choc","keyswitches:PG1350","","","Kailh","CPG135001D02"
"","","SW73","Choc","mntcomp-keyboard:Choc","keyswitches:PG1350","","","Kailh","CPG135001D02"
"","","SW83","RESET","reform2-keyboard-rescue:SW_SPST-Switch","Button_Switch_SMD:SW_Push_1P1T_NO_CK_KMR2","","","C&K","KMR221GLFS"
"","","SW84","SW_DIP_x01","reform2-keyboard-rescue:SW_DIP_x01-Switch","Button_Switch_SMD:SW_DIP_SPSTx01_Slide_Omron_A6S-110x_W8.9mm_P2.54mm","","","Apem","DM01"
"","","U1","ATMEGA32U4-AU","reform2-keyboard-rescue:ATmega32U4-AU-MCU_Microchip_ATmega","Package_QFP:TQFP-44_10x10mm_P0.8mm","","","Microchip","ATMEGA32U4-AU"
"","","U3","MCP1700-3302E_SOT23","reform2-keyboard-rescue:MCP1700-3302E_SOT23-Regulator_Linear","Package_TO_SOT_SMD:SOT-23","http://ww1.microchip.com/downloads/en/DeviceDoc/20001826D.pdf","DNP","Microchip","MCP1700T-3302E/TT"
"","","Y1","16MHz","reform2-keyboard-rescue:Crystal_GND24-Device","Crystal:Crystal_SMD_3225-4Pin_3.2x2.5mm","","","Abracon","ABM8AIG-16.000MHz-4-T"



"Collated Components:"

"Item","Qty","Reference(s)","Value","LibPart","Footprint","Datasheet","Flags","Manufacturer","Manufacturer_No"
"1","2","C1, C2","18pF","reform2-keyboard-rescue:C_Small-Device","Capacitor_SMD:C_0603_1608Metric","","","Yageo","CC0603JRNPO9BN180"
"2","18","C3, C8, C11, C12, C100, C101, C102, C103, C104, C105, C106, C110, C111, C112, C113, C114, C115, C116","1uF","reform2-keyboard-rescue:C_Small-Device","Capacitor_SMD:C_0603_1608Metric","","DNP","TDK","C1608X8L1C105K080AC"
"3","2","C7, C9","0.1uF","reform2-keyboard-rescue:C_Small-Device","Capacitor_SMD:C_0603_1608Metric","","","Yageo","CC0603JPX7R9BB104"
"4","62","D1, D2, D3, D4, D5, D7, D8, D9, D10, D11, D13, D14, D15, D16, D17, D19, D20, D21, D22, D23, D25, D26, D27, D28, D29, D31, D32, D33, D34, D35, D37, D38, D39, D40, D41, D43, D44, D45, D46, D47, D49, D50, D51, D52, D53, D55, D56, D57, D58, D59, D61, D62, D63, D64, D65, D67, D68, D69, D70, D71, D72, D73","MMDL914T1G","reform2-keyboard-rescue:D_Small-Device","Diode_SMD:D_0603_1608Metric_Pad1.05x0.95mm_HandSolder","","","ON","MMDL914T1G"
"5","14","D100, D101, D102, D103, D104, D105, D106, D110, D111, D112, D113, D114, D115, D116","WS2812B","LED:WS2812B","keebio:SK6812-MINI-E","https://cdn-shop.adafruit.com/datasheets/WS2812B.pdf","","",""
"6","2","GFX1, GFX2","MNT","reform2-keyboard-rescue:MountingHole-Mechanical","reform2-keyboard:mnt-remix-reform","","","",""
"7","1","H1","MH1","reform2-keyboard-rescue:MountingHole_Pad-Mechanical","MountingHole:MountingHole_2.2mm_M2_Pad","","","",""
"8","1","H2","MH2","reform2-keyboard-rescue:MountingHole_Pad-Mechanical","MountingHole:MountingHole_2.2mm_M2_Pad","","","",""
"9","1","H3","MH3","reform2-keyboard-rescue:MountingHole_Pad-Mechanical","MountingHole:MountingHole_2.2mm_M2_Pad","","","",""
"10","1","H4","MH4","reform2-keyboard-rescue:MountingHole_Pad-Mechanical","MountingHole:MountingHole_2.2mm_M2_Pad","","","",""
"11","1","H5","MH5","reform2-keyboard-rescue:MountingHole_Pad-Mechanical","MountingHole:MountingHole_2.2mm_M2_Pad","","","",""
"12","1","H6","MH6","reform2-keyboard-rescue:MountingHole_Pad-Mechanical","MountingHole:MountingHole_2.2mm_M2_Pad","","","",""
"13","1","J1","USB","Connector_Generic:Conn_01x04","Connector_JST:JST_PH_S4B-PH-SM4-TB_1x04-1MP_P2.00mm_Horizontal","~","","JST","S4B-PH-SM4-TB(LF)(SN)"
"14","1","J2","UART","Connector_Generic:Conn_01x04","Connector_JST:JST_PH_S4B-PH-SM4-TB_1x04-1MP_P2.00mm_Horizontal","~","","JST","S4B-PH-SM4-TB(LF)(SN)"
"15","1","J3","AUX","Connector_Generic:Conn_01x04","Connector_FFC-FPC:Molex_200528-0040_1x04-1MP_P1.00mm_Horizontal","~","","Molex","200528-0040"
"16","1","J4","Desktop USB","Connector_Generic:Conn_01x04","Connector_PinHeader_2.54mm:PinHeader_1x04_P2.54mm_Horizontal","~","","","IDC 2.54 header 1x04"
"17","2","J5, J100","Conn_01x03","Connector_Generic:Conn_01x03","Connector_PinHeader_2.54mm:PinHeader_1x03_P2.54mm_Vertical","~","","",""
"18","1","J6","AUX","Connector_Generic:Conn_01x04","Connector_PinHeader_2.54mm:PinHeader_1x04_P2.54mm_Vertical","~","","Molex","200528-0040"
"19","3","J8, J9, J10","Conn_01x06","Connector_Generic:Conn_01x06","Connector_PinHeader_2.54mm:PinHeader_1x06_P2.54mm_Vertical","~","","",""
"20","2","R1, R2","22","reform2-keyboard-rescue:R_Small-Device","Resistor_SMD:R_0603_1608Metric","","","Vishay Dale","CRCW06030000Z0EAC"
"21","1","R3","10k","reform2-keyboard-rescue:R_Small-Device","Resistor_SMD:R_0603_1608Metric","","","Yageo","RC0603FR-0710KL"
"22","1","R4","0","reform2-keyboard-rescue:R_Small-Device","Resistor_SMD:R_0603_1608Metric","","","Vishay Dale","CRCW06030000Z0EAC"
"23","3","R5, R6, R100","4.7k","reform2-keyboard-rescue:R_Small-Device","Resistor_SMD:R_0603_1608Metric","","","Yageo","RC0603FR-074K7L"
"24","14","SW1, SW7, SW13, SW27, SW29, SW35, SW41, SW45, SW47, SW55, SW61, SW67, SW72, SW73","Choc","mntcomp-keyboard:Choc","keyswitches:PG1350","","","Kailh","CPG135001D02"
"25","48","SW2, SW3, SW4, SW5, SW8, SW9, SW10, SW11, SW14, SW15, SW16, SW17, SW19, SW20, SW21, SW22, SW23, SW25, SW26, SW28, SW31, SW32, SW33, SW34, SW37, SW38, SW39, SW40, SW43, SW44, SW46, SW49, SW50, SW51, SW52, SW53, SW56, SW57, SW58, SW59, SW62, SW63, SW64, SW65, SW68, SW69, SW70, SW71","Choc","mntcomp-keyboard:Choc","keyswitches:PG1350_optional-socket","","","Kailh","CPG135001D02"
"26","1","SW83","RESET","reform2-keyboard-rescue:SW_SPST-Switch","Button_Switch_SMD:SW_Push_1P1T_NO_CK_KMR2","","","C&K","KMR221GLFS"
"27","1","SW84","SW_DIP_x01","reform2-keyboard-rescue:SW_DIP_x01-Switch","Button_Switch_SMD:SW_DIP_SPSTx01_Slide_Omron_A6S-110x_W8.9mm_P2.54mm","","","Apem","DM01"
"28","1","U1","ATMEGA32U4-AU","reform2-keyboard-rescue:ATmega32U4-AU-MCU_Microchip_ATmega","Package_QFP:TQFP-44_10x10mm_P0.8mm","","","Microchip","ATMEGA32U4-AU"
"29","1","U3","MCP1700-3302E_SOT23","reform2-keyboard-rescue:MCP1700-3302E_SOT23-Regulator_Linear","Package_TO_SOT_SMD:SOT-23","http://ww1.microchip.com/downloads/en/DeviceDoc/20001826D.pdf","DNP","Microchip","MCP1700T-3302E/TT"
"30","1","Y1","16MHz","reform2-keyboard-rescue:Crystal_GND24-Device","Crystal:Crystal_SMD_3225-4Pin_3.2x2.5mm","","","Abracon","ABM8AIG-16.000MHz-4-T"
